fecha,mse
23/06/24,2076.6416880120555
23/06/24,2076.6416880120555
24/06/24,2883.1074800451947
24/06/24,1987.9091944019335
26/06/24,1559.985149318235
26/06/24,1913.3503081530728
26/06/24,2157.7648804088412
27/06/24,2129.275174296377
28/06/24,2652.2295774748272
29/06/24,2294.676792927857
29/06/24,0.0
29/06/24,0.0
29/06/24,0.0
29/06/24,0.0
29/06/24,0.0
29/06/24,0.0,pruebas
29/06/24,0.0
29/06/24,0.0
29/06/24,2294.676792927857
30/06/24,2072.8402342887416
30/06/24,2072.8402342887416
