fecha,mse
23/06/24,2076.6416880120555
23/06/24,2076.6416880120555
24/06/24,2883.1074800451947
24/06/24,1987.9091944019335
