fecha, mse_lr, mse_rf
07/07/24,2893.047974767391,2395.149393696138
07/07/24,2893.047974767391,2395.149393696138
07/07/24,2893.047974767391,2395.149393696138
